{"id": "0", "label": "101"}
{"id": "1", "label": "103"}
{"id": "2", "label": "104"}
{"id": "3", "label": "116"}
{"id": "4", "label": "100"}
{"id": "5", "label": "103"}
{"id": "6", "label": "110"}
{"id": "7", "label": "113"}
{"id": "8", "label": "112"}
{"id": "9", "label": "110"}
{"id": "10", "label": "104"}
{"id": "11", "label": "103"}
{"id": "12", "label": "102"}
{"id": "13", "label": "109"}
{"id": "14", "label": "103"}
{"id": "15", "label": "100"}
{"id": "16", "label": "113"}
{"id": "17", "label": "112"}
{"id": "18", "label": "104"}
{"id": "19", "label": "115"}
{"id": "20", "label": "102"}
{"id": "21", "label": "104"}
{"id": "22", "label": "110"}
{"id": "23", "label": "109"}
{"id": "24", "label": "100"}
{"id": "25", "label": "112"}
{"id": "26", "label": "110"}
{"id": "27", "label": "116"}
{"id": "28", "label": "109"}
{"id": "29", "label": "109"}
{"id": "30", "label": "113"}
{"id": "31", "label": "103"}
{"id": "32", "label": "104"}
{"id": "33", "label": "109"}
{"id": "34", "label": "110"}
{"id": "35", "label": "103"}
{"id": "36", "label": "116"}
{"id": "37", "label": "101"}
{"id": "38", "label": "106"}
{"id": "39", "label": "104"}
{"id": "40", "label": "108"}
{"id": "41", "label": "101"}
{"id": "42", "label": "112"}
{"id": "43", "label": "108"}
{"id": "44", "label": "102"}
{"id": "45", "label": "112"}
{"id": "46", "label": "104"}
{"id": "47", "label": "113"}
{"id": "48", "label": "107"}
{"id": "49", "label": "106"}
{"id": "50", "label": "113"}
{"id": "51", "label": "102"}
{"id": "52", "label": "116"}
{"id": "53", "label": "108"}
{"id": "54", "label": "108"}
{"id": "55", "label": "110"}
{"id": "56", "label": "116"}
{"id": "57", "label": "110"}
{"id": "58", "label": "103"}
{"id": "59", "label": "107"}
{"id": "60", "label": "107"}
{"id": "61", "label": "112"}
{"id": "62", "label": "108"}
{"id": "63", "label": "103"}
{"id": "64", "label": "103"}
{"id": "65", "label": "101"}
{"id": "66", "label": "112"}
{"id": "67", "label": "116"}
{"id": "68", "label": "102"}
{"id": "69", "label": "110"}
{"id": "70", "label": "113"}
{"id": "71", "label": "113"}
{"id": "72", "label": "106"}
{"id": "73", "label": "115"}
{"id": "74", "label": "107"}
{"id": "75", "label": "112"}
{"id": "76", "label": "107"}
{"id": "77", "label": "108"}
{"id": "78", "label": "112"}
{"id": "79", "label": "109"}
{"id": "80", "label": "115"}
{"id": "81", "label": "113"}
{"id": "82", "label": "109"}
{"id": "83", "label": "102"}
{"id": "84", "label": "112"}
{"id": "85", "label": "109"}
{"id": "86", "label": "101"}
{"id": "87", "label": "104"}
{"id": "88", "label": "104"}
{"id": "89", "label": "116"}
{"id": "90", "label": "109"}
{"id": "91", "label": "115"}
{"id": "92", "label": "109"}
{"id": "93", "label": "112"}
{"id": "94", "label": "103"}
{"id": "95", "label": "107"}
{"id": "96", "label": "102"}
{"id": "97", "label": "109"}
{"id": "98", "label": "102"}
{"id": "99", "label": "101"}
{"id": "100", "label": "107"}
{"id": "101", "label": "102"}
{"id": "102", "label": "115"}
{"id": "103", "label": "116"}
{"id": "104", "label": "100"}
{"id": "105", "label": "116"}
{"id": "106", "label": "113"}
{"id": "107", "label": "102"}
{"id": "108", "label": "109"}
{"id": "109", "label": "104"}
{"id": "110", "label": "103"}
{"id": "111", "label": "109"}
{"id": "112", "label": "116"}
{"id": "113", "label": "103"}
{"id": "114", "label": "115"}
{"id": "115", "label": "112"}
{"id": "116", "label": "108"}
{"id": "117", "label": "107"}
{"id": "118", "label": "112"}
{"id": "119", "label": "109"}
{"id": "120", "label": "114"}
{"id": "121", "label": "113"}
{"id": "122", "label": "113"}
{"id": "123", "label": "104"}
{"id": "124", "label": "110"}
{"id": "125", "label": "107"}
{"id": "126", "label": "101"}
{"id": "127", "label": "113"}
{"id": "128", "label": "110"}
{"id": "129", "label": "116"}
{"id": "130", "label": "116"}
{"id": "131", "label": "101"}
{"id": "132", "label": "112"}
{"id": "133", "label": "113"}
{"id": "134", "label": "115"}
{"id": "135", "label": "112"}
{"id": "136", "label": "104"}
{"id": "137", "label": "100"}
{"id": "138", "label": "108"}
{"id": "139", "label": "110"}
{"id": "140", "label": "104"}
{"id": "141", "label": "102"}
{"id": "142", "label": "108"}
{"id": "143", "label": "116"}
{"id": "144", "label": "101"}
{"id": "145", "label": "112"}
{"id": "146", "label": "101"}
{"id": "147", "label": "115"}
{"id": "148", "label": "110"}
{"id": "149", "label": "102"}
{"id": "150", "label": "101"}
{"id": "151", "label": "109"}
{"id": "152", "label": "108"}
{"id": "153", "label": "102"}
{"id": "154", "label": "106"}
{"id": "155", "label": "103"}
{"id": "156", "label": "115"}
{"id": "157", "label": "112"}
{"id": "158", "label": "107"}
{"id": "159", "label": "113"}
{"id": "160", "label": "109"}
{"id": "161", "label": "104"}
{"id": "162", "label": "100"}
{"id": "163", "label": "104"}
{"id": "164", "label": "113"}
{"id": "165", "label": "113"}
{"id": "166", "label": "113"}
{"id": "167", "label": "113"}
{"id": "168", "label": "113"}
{"id": "169", "label": "113"}
{"id": "170", "label": "109"}
{"id": "171", "label": "104"}
{"id": "172", "label": "101"}
{"id": "173", "label": "103"}
{"id": "174", "label": "109"}
{"id": "175", "label": "104"}
{"id": "176", "label": "112"}
{"id": "177", "label": "109"}
{"id": "178", "label": "102"}
{"id": "179", "label": "110"}
{"id": "180", "label": "106"}
{"id": "181", "label": "108"}
{"id": "182", "label": "116"}
{"id": "183", "label": "116"}
{"id": "184", "label": "104"}
{"id": "185", "label": "108"}
{"id": "186", "label": "106"}
{"id": "187", "label": "112"}
{"id": "188", "label": "103"}
{"id": "189", "label": "116"}
{"id": "190", "label": "100"}
{"id": "191", "label": "112"}
{"id": "192", "label": "109"}
{"id": "193", "label": "103"}
{"id": "194", "label": "109"}
{"id": "195", "label": "106"}
{"id": "196", "label": "102"}
{"id": "197", "label": "112"}
{"id": "198", "label": "112"}
{"id": "199", "label": "109"}
{"id": "200", "label": "101"}
{"id": "201", "label": "112"}
{"id": "202", "label": "103"}
{"id": "203", "label": "108"}
{"id": "204", "label": "112"}
{"id": "205", "label": "113"}
{"id": "206", "label": "109"}
{"id": "207", "label": "104"}
{"id": "208", "label": "115"}
{"id": "209", "label": "110"}
{"id": "210", "label": "104"}
{"id": "211", "label": "104"}
{"id": "212", "label": "100"}
{"id": "213", "label": "101"}
{"id": "214", "label": "102"}
{"id": "215", "label": "113"}
{"id": "216", "label": "107"}
{"id": "217", "label": "104"}
{"id": "218", "label": "108"}
{"id": "219", "label": "104"}
{"id": "220", "label": "112"}
{"id": "221", "label": "113"}
{"id": "222", "label": "116"}
{"id": "223", "label": "113"}
{"id": "224", "label": "107"}
{"id": "225", "label": "102"}
{"id": "226", "label": "100"}
{"id": "227", "label": "104"}
{"id": "228", "label": "107"}
{"id": "229", "label": "115"}
{"id": "230", "label": "110"}
{"id": "231", "label": "110"}
{"id": "232", "label": "103"}
{"id": "233", "label": "112"}
{"id": "234", "label": "102"}
{"id": "235", "label": "109"}
{"id": "236", "label": "101"}
{"id": "237", "label": "104"}
{"id": "238", "label": "102"}
{"id": "239", "label": "113"}
{"id": "240", "label": "110"}
{"id": "241", "label": "116"}
{"id": "242", "label": "103"}
{"id": "243", "label": "109"}
{"id": "244", "label": "104"}
{"id": "245", "label": "113"}
{"id": "246", "label": "112"}
{"id": "247", "label": "110"}
{"id": "248", "label": "104"}
{"id": "249", "label": "104"}
{"id": "250", "label": "113"}
{"id": "251", "label": "113"}
{"id": "252", "label": "109"}
{"id": "253", "label": "116"}
{"id": "254", "label": "109"}
{"id": "255", "label": "107"}
{"id": "256", "label": "109"}
{"id": "257", "label": "101"}
{"id": "258", "label": "108"}
{"id": "259", "label": "112"}
{"id": "260", "label": "109"}
{"id": "261", "label": "102"}
{"id": "262", "label": "102"}
{"id": "263", "label": "100"}
{"id": "264", "label": "103"}
{"id": "265", "label": "109"}
{"id": "266", "label": "103"}
{"id": "267", "label": "109"}
{"id": "268", "label": "103"}
{"id": "269", "label": "115"}
{"id": "270", "label": "102"}
{"id": "271", "label": "109"}
{"id": "272", "label": "108"}
{"id": "273", "label": "113"}
{"id": "274", "label": "109"}
{"id": "275", "label": "104"}
{"id": "276", "label": "104"}
{"id": "277", "label": "112"}
{"id": "278", "label": "112"}
{"id": "279", "label": "109"}
{"id": "280", "label": "113"}
{"id": "281", "label": "116"}
{"id": "282", "label": "109"}
{"id": "283", "label": "112"}
{"id": "284", "label": "102"}
{"id": "285", "label": "102"}
{"id": "286", "label": "112"}
{"id": "287", "label": "116"}
{"id": "288", "label": "113"}
{"id": "289", "label": "116"}
{"id": "290", "label": "116"}
{"id": "291", "label": "116"}
{"id": "292", "label": "110"}
{"id": "293", "label": "116"}
{"id": "294", "label": "100"}
{"id": "295", "label": "104"}
{"id": "296", "label": "103"}
{"id": "297", "label": "107"}
{"id": "298", "label": "109"}
{"id": "299", "label": "116"}
{"id": "300", "label": "108"}
{"id": "301", "label": "109"}
{"id": "302", "label": "113"}
{"id": "303", "label": "101"}
{"id": "304", "label": "113"}
{"id": "305", "label": "113"}
{"id": "306", "label": "107"}
{"id": "307", "label": "103"}
{"id": "308", "label": "102"}
{"id": "309", "label": "102"}
{"id": "310", "label": "116"}
{"id": "311", "label": "112"}
{"id": "312", "label": "104"}
{"id": "313", "label": "115"}
{"id": "314", "label": "106"}
{"id": "315", "label": "101"}
{"id": "316", "label": "108"}
{"id": "317", "label": "112"}
{"id": "318", "label": "101"}
{"id": "319", "label": "103"}
{"id": "320", "label": "110"}
{"id": "321", "label": "113"}
{"id": "322", "label": "103"}
{"id": "323", "label": "108"}
{"id": "324", "label": "112"}
{"id": "325", "label": "106"}
{"id": "326", "label": "104"}
{"id": "327", "label": "104"}
{"id": "328", "label": "107"}
{"id": "329", "label": "113"}
{"id": "330", "label": "102"}
{"id": "331", "label": "115"}
{"id": "332", "label": "113"}
{"id": "333", "label": "101"}
{"id": "334", "label": "102"}
{"id": "335", "label": "102"}
{"id": "336", "label": "103"}
{"id": "337", "label": "108"}
{"id": "338", "label": "116"}
{"id": "339", "label": "113"}
{"id": "340", "label": "112"}
{"id": "341", "label": "116"}
{"id": "342", "label": "113"}
{"id": "343", "label": "113"}
{"id": "344", "label": "108"}
{"id": "345", "label": "116"}
{"id": "346", "label": "116"}
{"id": "347", "label": "115"}
{"id": "348", "label": "109"}
{"id": "349", "label": "108"}
{"id": "350", "label": "104"}
{"id": "351", "label": "109"}
{"id": "352", "label": "109"}
{"id": "353", "label": "116"}
{"id": "354", "label": "113"}
{"id": "355", "label": "100"}
{"id": "356", "label": "104"}
{"id": "357", "label": "108"}
{"id": "358", "label": "101"}
{"id": "359", "label": "116"}
{"id": "360", "label": "109"}
{"id": "361", "label": "104"}
{"id": "362", "label": "113"}
{"id": "363", "label": "113"}
{"id": "364", "label": "109"}
{"id": "365", "label": "116"}
{"id": "366", "label": "112"}
{"id": "367", "label": "104"}
{"id": "368", "label": "104"}
{"id": "369", "label": "103"}
{"id": "370", "label": "104"}
{"id": "371", "label": "109"}
{"id": "372", "label": "115"}
{"id": "373", "label": "103"}
{"id": "374", "label": "112"}
{"id": "375", "label": "101"}
{"id": "376", "label": "103"}
{"id": "377", "label": "104"}
{"id": "378", "label": "100"}
{"id": "379", "label": "109"}
{"id": "380", "label": "112"}
{"id": "381", "label": "104"}
{"id": "382", "label": "113"}
{"id": "383", "label": "103"}
{"id": "384", "label": "108"}
{"id": "385", "label": "101"}
{"id": "386", "label": "116"}
{"id": "387", "label": "102"}
{"id": "388", "label": "108"}
{"id": "389", "label": "106"}
{"id": "390", "label": "112"}
{"id": "391", "label": "115"}
{"id": "392", "label": "100"}
{"id": "393", "label": "104"}
{"id": "394", "label": "103"}
{"id": "395", "label": "104"}
{"id": "396", "label": "115"}
{"id": "397", "label": "106"}
{"id": "398", "label": "103"}
{"id": "399", "label": "107"}
{"id": "400", "label": "102"}
{"id": "401", "label": "115"}
{"id": "402", "label": "112"}
{"id": "403", "label": "112"}
{"id": "404", "label": "107"}
{"id": "405", "label": "102"}
{"id": "406", "label": "102"}
{"id": "407", "label": "112"}
{"id": "408", "label": "112"}
{"id": "409", "label": "104"}
{"id": "410", "label": "102"}
{"id": "411", "label": "103"}
{"id": "412", "label": "108"}
{"id": "413", "label": "104"}
{"id": "414", "label": "109"}
{"id": "415", "label": "113"}
{"id": "416", "label": "103"}
{"id": "417", "label": "107"}
{"id": "418", "label": "116"}
{"id": "419", "label": "102"}
{"id": "420", "label": "108"}
{"id": "421", "label": "104"}
{"id": "422", "label": "113"}
{"id": "423", "label": "104"}
{"id": "424", "label": "107"}
{"id": "425", "label": "106"}
{"id": "426", "label": "104"}
{"id": "427", "label": "110"}
{"id": "428", "label": "109"}
{"id": "429", "label": "104"}
{"id": "430", "label": "106"}
{"id": "431", "label": "112"}
{"id": "432", "label": "109"}
{"id": "433", "label": "102"}
{"id": "434", "label": "101"}
{"id": "435", "label": "112"}
{"id": "436", "label": "102"}
{"id": "437", "label": "109"}
{"id": "438", "label": "100"}
{"id": "439", "label": "108"}
{"id": "440", "label": "115"}
{"id": "441", "label": "109"}
{"id": "442", "label": "113"}
{"id": "443", "label": "113"}
{"id": "444", "label": "103"}
{"id": "445", "label": "112"}
{"id": "446", "label": "100"}
{"id": "447", "label": "109"}
{"id": "448", "label": "113"}
{"id": "449", "label": "115"}
{"id": "450", "label": "113"}
{"id": "451", "label": "106"}
{"id": "452", "label": "113"}
{"id": "453", "label": "116"}
{"id": "454", "label": "108"}
{"id": "455", "label": "116"}
{"id": "456", "label": "112"}
{"id": "457", "label": "104"}
{"id": "458", "label": "115"}
{"id": "459", "label": "110"}
{"id": "460", "label": "106"}
{"id": "461", "label": "113"}
{"id": "462", "label": "109"}
{"id": "463", "label": "107"}
{"id": "464", "label": "104"}
{"id": "465", "label": "103"}
{"id": "466", "label": "109"}
{"id": "467", "label": "101"}
{"id": "468", "label": "112"}
{"id": "469", "label": "113"}
{"id": "470", "label": "115"}
{"id": "471", "label": "104"}
{"id": "472", "label": "115"}
{"id": "473", "label": "104"}
{"id": "474", "label": "112"}
{"id": "475", "label": "109"}
{"id": "476", "label": "115"}
{"id": "477", "label": "113"}
{"id": "478", "label": "113"}
{"id": "479", "label": "107"}
{"id": "480", "label": "103"}
{"id": "481", "label": "101"}
{"id": "482", "label": "108"}
{"id": "483", "label": "113"}
{"id": "484", "label": "102"}
{"id": "485", "label": "113"}
{"id": "486", "label": "115"}
{"id": "487", "label": "104"}
{"id": "488", "label": "109"}
{"id": "489", "label": "107"}
{"id": "490", "label": "104"}
{"id": "491", "label": "103"}
{"id": "492", "label": "113"}
{"id": "493", "label": "107"}
{"id": "494", "label": "110"}
{"id": "495", "label": "112"}
{"id": "496", "label": "113"}
{"id": "497", "label": "112"}
{"id": "498", "label": "110"}
{"id": "499", "label": "109"}
{"id": "500", "label": "102"}
{"id": "501", "label": "102"}
{"id": "502", "label": "113"}
{"id": "503", "label": "103"}
{"id": "504", "label": "115"}
{"id": "505", "label": "103"}
{"id": "506", "label": "108"}
{"id": "507", "label": "113"}
{"id": "508", "label": "103"}
{"id": "509", "label": "116"}
{"id": "510", "label": "106"}
{"id": "511", "label": "104"}
{"id": "512", "label": "113"}
{"id": "513", "label": "101"}
{"id": "514", "label": "103"}
{"id": "515", "label": "102"}
{"id": "516", "label": "109"}
{"id": "517", "label": "115"}
{"id": "518", "label": "113"}
{"id": "519", "label": "109"}
{"id": "520", "label": "110"}
{"id": "521", "label": "109"}
{"id": "522", "label": "108"}
{"id": "523", "label": "107"}
{"id": "524", "label": "104"}
{"id": "525", "label": "115"}
{"id": "526", "label": "109"}
{"id": "527", "label": "113"}
{"id": "528", "label": "113"}
{"id": "529", "label": "108"}
{"id": "530", "label": "109"}
{"id": "531", "label": "112"}
{"id": "532", "label": "104"}
{"id": "533", "label": "103"}
{"id": "534", "label": "109"}
{"id": "535", "label": "102"}
{"id": "536", "label": "101"}
{"id": "537", "label": "103"}
{"id": "538", "label": "112"}
{"id": "539", "label": "112"}
{"id": "540", "label": "101"}
{"id": "541", "label": "107"}
{"id": "542", "label": "104"}
{"id": "543", "label": "101"}
{"id": "544", "label": "107"}
{"id": "545", "label": "113"}
{"id": "546", "label": "102"}
{"id": "547", "label": "100"}
{"id": "548", "label": "115"}
{"id": "549", "label": "110"}
{"id": "550", "label": "115"}
{"id": "551", "label": "112"}
{"id": "552", "label": "116"}
{"id": "553", "label": "113"}
{"id": "554", "label": "109"}
{"id": "555", "label": "110"}
{"id": "556", "label": "109"}
{"id": "557", "label": "104"}
{"id": "558", "label": "112"}
{"id": "559", "label": "106"}
{"id": "560", "label": "109"}
{"id": "561", "label": "112"}
{"id": "562", "label": "106"}
{"id": "563", "label": "102"}
{"id": "564", "label": "115"}
{"id": "565", "label": "104"}
{"id": "566", "label": "107"}
{"id": "567", "label": "104"}
{"id": "568", "label": "109"}
{"id": "569", "label": "104"}
{"id": "570", "label": "108"}
{"id": "571", "label": "109"}
{"id": "572", "label": "104"}
{"id": "573", "label": "102"}
{"id": "574", "label": "103"}
{"id": "575", "label": "102"}
{"id": "576", "label": "113"}
{"id": "577", "label": "112"}
{"id": "578", "label": "107"}
{"id": "579", "label": "113"}
{"id": "580", "label": "104"}
{"id": "581", "label": "112"}
{"id": "582", "label": "102"}
{"id": "583", "label": "110"}
{"id": "584", "label": "109"}
{"id": "585", "label": "113"}
{"id": "586", "label": "115"}
{"id": "587", "label": "116"}
{"id": "588", "label": "103"}
{"id": "589", "label": "107"}
{"id": "590", "label": "104"}
{"id": "591", "label": "103"}
{"id": "592", "label": "104"}
{"id": "593", "label": "102"}
{"id": "594", "label": "115"}
{"id": "595", "label": "110"}
{"id": "596", "label": "112"}
{"id": "597", "label": "107"}
{"id": "598", "label": "107"}
{"id": "599", "label": "113"}
{"id": "600", "label": "102"}
{"id": "601", "label": "109"}
{"id": "602", "label": "102"}
{"id": "603", "label": "103"}
{"id": "604", "label": "110"}
{"id": "605", "label": "107"}
{"id": "606", "label": "113"}
{"id": "607", "label": "103"}
{"id": "608", "label": "106"}
{"id": "609", "label": "115"}
{"id": "610", "label": "113"}
{"id": "611", "label": "106"}
{"id": "612", "label": "116"}
{"id": "613", "label": "110"}
{"id": "614", "label": "102"}
{"id": "615", "label": "106"}
{"id": "616", "label": "106"}
{"id": "617", "label": "103"}
{"id": "618", "label": "110"}
{"id": "619", "label": "106"}
{"id": "620", "label": "113"}
{"id": "621", "label": "108"}
{"id": "622", "label": "102"}
{"id": "623", "label": "102"}
{"id": "624", "label": "113"}
{"id": "625", "label": "110"}
{"id": "626", "label": "109"}
{"id": "627", "label": "108"}
{"id": "628", "label": "102"}
{"id": "629", "label": "104"}
{"id": "630", "label": "108"}
{"id": "631", "label": "108"}
{"id": "632", "label": "115"}
{"id": "633", "label": "107"}
{"id": "634", "label": "102"}
{"id": "635", "label": "107"}
{"id": "636", "label": "116"}
{"id": "637", "label": "103"}
{"id": "638", "label": "104"}
{"id": "639", "label": "109"}
{"id": "640", "label": "109"}
{"id": "641", "label": "102"}
{"id": "642", "label": "104"}
{"id": "643", "label": "101"}
{"id": "644", "label": "114"}
{"id": "645", "label": "102"}
{"id": "646", "label": "107"}
{"id": "647", "label": "113"}
{"id": "648", "label": "103"}
{"id": "649", "label": "108"}
{"id": "650", "label": "103"}
{"id": "651", "label": "101"}
{"id": "652", "label": "110"}
{"id": "653", "label": "104"}
{"id": "654", "label": "113"}
{"id": "655", "label": "115"}
{"id": "656", "label": "102"}
{"id": "657", "label": "109"}
{"id": "658", "label": "102"}
{"id": "659", "label": "115"}
{"id": "660", "label": "110"}
{"id": "661", "label": "113"}
{"id": "662", "label": "110"}
{"id": "663", "label": "116"}
{"id": "664", "label": "100"}
{"id": "665", "label": "104"}
{"id": "666", "label": "109"}
{"id": "667", "label": "107"}
{"id": "668", "label": "108"}
{"id": "669", "label": "103"}
{"id": "670", "label": "102"}
{"id": "671", "label": "115"}
{"id": "672", "label": "113"}
{"id": "673", "label": "104"}
{"id": "674", "label": "103"}
{"id": "675", "label": "103"}
{"id": "676", "label": "104"}
{"id": "677", "label": "108"}
{"id": "678", "label": "108"}
{"id": "679", "label": "115"}
{"id": "680", "label": "107"}
{"id": "681", "label": "110"}
{"id": "682", "label": "112"}
{"id": "683", "label": "101"}
{"id": "684", "label": "108"}
{"id": "685", "label": "115"}
{"id": "686", "label": "113"}
{"id": "687", "label": "113"}
{"id": "688", "label": "110"}
{"id": "689", "label": "109"}
{"id": "690", "label": "109"}
{"id": "691", "label": "110"}
{"id": "692", "label": "101"}
{"id": "693", "label": "109"}
{"id": "694", "label": "103"}
{"id": "695", "label": "113"}
{"id": "696", "label": "102"}
{"id": "697", "label": "116"}
{"id": "698", "label": "106"}
{"id": "699", "label": "115"}
{"id": "700", "label": "102"}
{"id": "701", "label": "113"}
{"id": "702", "label": "115"}
{"id": "703", "label": "102"}
{"id": "704", "label": "109"}
{"id": "705", "label": "113"}
{"id": "706", "label": "116"}
{"id": "707", "label": "104"}
{"id": "708", "label": "113"}
{"id": "709", "label": "102"}
{"id": "710", "label": "108"}
{"id": "711", "label": "104"}
{"id": "712", "label": "104"}
{"id": "713", "label": "106"}
{"id": "714", "label": "113"}
{"id": "715", "label": "103"}
{"id": "716", "label": "108"}
{"id": "717", "label": "104"}
{"id": "718", "label": "115"}
{"id": "719", "label": "109"}
{"id": "720", "label": "116"}
{"id": "721", "label": "113"}
{"id": "722", "label": "100"}
{"id": "723", "label": "107"}
{"id": "724", "label": "100"}
{"id": "725", "label": "116"}
{"id": "726", "label": "108"}
{"id": "727", "label": "103"}
{"id": "728", "label": "102"}
{"id": "729", "label": "108"}
{"id": "730", "label": "102"}
{"id": "731", "label": "115"}
{"id": "732", "label": "112"}
{"id": "733", "label": "102"}
{"id": "734", "label": "115"}
{"id": "735", "label": "116"}
{"id": "736", "label": "104"}
{"id": "737", "label": "115"}
{"id": "738", "label": "102"}
{"id": "739", "label": "116"}
{"id": "740", "label": "107"}
{"id": "741", "label": "112"}
{"id": "742", "label": "104"}
{"id": "743", "label": "115"}
{"id": "744", "label": "112"}
{"id": "745", "label": "101"}
{"id": "746", "label": "101"}
{"id": "747", "label": "106"}
{"id": "748", "label": "104"}
{"id": "749", "label": "113"}
{"id": "750", "label": "110"}
{"id": "751", "label": "115"}
{"id": "752", "label": "108"}
{"id": "753", "label": "100"}
{"id": "754", "label": "104"}
{"id": "755", "label": "102"}
{"id": "756", "label": "112"}
{"id": "757", "label": "116"}
{"id": "758", "label": "101"}
{"id": "759", "label": "113"}
{"id": "760", "label": "102"}
{"id": "761", "label": "108"}
{"id": "762", "label": "101"}
{"id": "763", "label": "116"}
{"id": "764", "label": "102"}
{"id": "765", "label": "103"}
{"id": "766", "label": "102"}
{"id": "767", "label": "108"}
{"id": "768", "label": "103"}
{"id": "769", "label": "102"}
{"id": "770", "label": "109"}
{"id": "771", "label": "101"}
{"id": "772", "label": "108"}
{"id": "773", "label": "108"}
{"id": "774", "label": "115"}
{"id": "775", "label": "102"}
{"id": "776", "label": "101"}
{"id": "777", "label": "106"}
{"id": "778", "label": "108"}
{"id": "779", "label": "104"}
{"id": "780", "label": "108"}
{"id": "781", "label": "115"}
{"id": "782", "label": "108"}
{"id": "783", "label": "112"}
{"id": "784", "label": "109"}
{"id": "785", "label": "108"}
{"id": "786", "label": "109"}
{"id": "787", "label": "104"}
{"id": "788", "label": "103"}
{"id": "789", "label": "108"}
{"id": "790", "label": "104"}
{"id": "791", "label": "102"}
{"id": "792", "label": "113"}
{"id": "793", "label": "101"}
{"id": "794", "label": "113"}
{"id": "795", "label": "110"}
{"id": "796", "label": "109"}
{"id": "797", "label": "109"}
{"id": "798", "label": "113"}
{"id": "799", "label": "102"}
{"id": "800", "label": "113"}
{"id": "801", "label": "100"}
{"id": "802", "label": "109"}
{"id": "803", "label": "109"}
{"id": "804", "label": "115"}
{"id": "805", "label": "102"}
{"id": "806", "label": "104"}
{"id": "807", "label": "104"}
{"id": "808", "label": "101"}
{"id": "809", "label": "113"}
{"id": "810", "label": "116"}
{"id": "811", "label": "112"}
{"id": "812", "label": "108"}
{"id": "813", "label": "110"}
{"id": "814", "label": "109"}
{"id": "815", "label": "109"}
{"id": "816", "label": "110"}
{"id": "817", "label": "109"}
{"id": "818", "label": "112"}
{"id": "819", "label": "104"}
{"id": "820", "label": "116"}
{"id": "821", "label": "103"}
{"id": "822", "label": "104"}
{"id": "823", "label": "107"}
{"id": "824", "label": "116"}
{"id": "825", "label": "104"}
{"id": "826", "label": "109"}
{"id": "827", "label": "102"}
{"id": "828", "label": "106"}
{"id": "829", "label": "113"}
{"id": "830", "label": "108"}
{"id": "831", "label": "107"}
{"id": "832", "label": "110"}
{"id": "833", "label": "102"}
{"id": "834", "label": "109"}
{"id": "835", "label": "103"}
{"id": "836", "label": "102"}
{"id": "837", "label": "115"}
{"id": "838", "label": "102"}
{"id": "839", "label": "110"}
{"id": "840", "label": "104"}
{"id": "841", "label": "102"}
{"id": "842", "label": "104"}
{"id": "843", "label": "109"}
{"id": "844", "label": "112"}
{"id": "845", "label": "110"}
{"id": "846", "label": "116"}
{"id": "847", "label": "109"}
{"id": "848", "label": "104"}
{"id": "849", "label": "104"}
{"id": "850", "label": "104"}
{"id": "851", "label": "109"}
{"id": "852", "label": "116"}
{"id": "853", "label": "112"}
{"id": "854", "label": "101"}
{"id": "855", "label": "107"}
{"id": "856", "label": "109"}
{"id": "857", "label": "115"}
{"id": "858", "label": "101"}
{"id": "859", "label": "104"}
{"id": "860", "label": "116"}
{"id": "861", "label": "115"}
{"id": "862", "label": "102"}
{"id": "863", "label": "102"}
{"id": "864", "label": "109"}
{"id": "865", "label": "107"}
{"id": "866", "label": "101"}
{"id": "867", "label": "104"}
{"id": "868", "label": "104"}
{"id": "869", "label": "100"}
{"id": "870", "label": "113"}
{"id": "871", "label": "109"}
{"id": "872", "label": "113"}
{"id": "873", "label": "106"}
{"id": "874", "label": "116"}
{"id": "875", "label": "113"}
{"id": "876", "label": "112"}
{"id": "877", "label": "104"}
{"id": "878", "label": "109"}
{"id": "879", "label": "100"}
{"id": "880", "label": "107"}
{"id": "881", "label": "104"}
{"id": "882", "label": "103"}
{"id": "883", "label": "115"}
{"id": "884", "label": "101"}
{"id": "885", "label": "101"}
{"id": "886", "label": "106"}
{"id": "887", "label": "102"}
{"id": "888", "label": "108"}
{"id": "889", "label": "107"}
{"id": "890", "label": "112"}
{"id": "891", "label": "107"}
{"id": "892", "label": "102"}
{"id": "893", "label": "104"}
{"id": "894", "label": "102"}
{"id": "895", "label": "116"}
{"id": "896", "label": "102"}
{"id": "897", "label": "113"}
{"id": "898", "label": "109"}
{"id": "899", "label": "101"}
{"id": "900", "label": "103"}
{"id": "901", "label": "101"}
{"id": "902", "label": "107"}
{"id": "903", "label": "108"}
{"id": "904", "label": "107"}
{"id": "905", "label": "112"}
{"id": "906", "label": "109"}
{"id": "907", "label": "112"}
{"id": "908", "label": "112"}
{"id": "909", "label": "103"}
{"id": "910", "label": "104"}
{"id": "911", "label": "104"}
{"id": "912", "label": "109"}
{"id": "913", "label": "115"}
{"id": "914", "label": "107"}
{"id": "915", "label": "109"}
{"id": "916", "label": "106"}
{"id": "917", "label": "113"}
{"id": "918", "label": "115"}
{"id": "919", "label": "103"}
{"id": "920", "label": "100"}
{"id": "921", "label": "109"}
{"id": "922", "label": "109"}
{"id": "923", "label": "102"}
{"id": "924", "label": "104"}
{"id": "925", "label": "115"}
{"id": "926", "label": "100"}
{"id": "927", "label": "102"}
{"id": "928", "label": "107"}
{"id": "929", "label": "112"}
{"id": "930", "label": "102"}
{"id": "931", "label": "116"}
{"id": "932", "label": "108"}
{"id": "933", "label": "108"}
{"id": "934", "label": "102"}
{"id": "935", "label": "116"}
{"id": "936", "label": "116"}
{"id": "937", "label": "113"}
{"id": "938", "label": "113"}
{"id": "939", "label": "101"}
{"id": "940", "label": "103"}
{"id": "941", "label": "106"}
{"id": "942", "label": "110"}
{"id": "943", "label": "101"}
{"id": "944", "label": "100"}
{"id": "945", "label": "115"}
{"id": "946", "label": "115"}
{"id": "947", "label": "113"}
{"id": "948", "label": "112"}
{"id": "949", "label": "102"}
{"id": "950", "label": "116"}
{"id": "951", "label": "112"}
{"id": "952", "label": "113"}
{"id": "953", "label": "116"}
{"id": "954", "label": "116"}
{"id": "955", "label": "112"}
{"id": "956", "label": "115"}
{"id": "957", "label": "113"}
{"id": "958", "label": "113"}
{"id": "959", "label": "101"}
{"id": "960", "label": "107"}
{"id": "961", "label": "116"}
{"id": "962", "label": "109"}
{"id": "963", "label": "107"}
{"id": "964", "label": "110"}
{"id": "965", "label": "113"}
{"id": "966", "label": "102"}
{"id": "967", "label": "114"}
{"id": "968", "label": "103"}
{"id": "969", "label": "106"}
{"id": "970", "label": "109"}
{"id": "971", "label": "115"}
{"id": "972", "label": "112"}
{"id": "973", "label": "115"}
{"id": "974", "label": "113"}
{"id": "975", "label": "109"}
{"id": "976", "label": "109"}
{"id": "977", "label": "110"}
{"id": "978", "label": "104"}
{"id": "979", "label": "109"}
{"id": "980", "label": "107"}
{"id": "981", "label": "115"}
{"id": "982", "label": "113"}
{"id": "983", "label": "107"}
{"id": "984", "label": "104"}
{"id": "985", "label": "104"}
{"id": "986", "label": "113"}
{"id": "987", "label": "110"}
{"id": "988", "label": "115"}
{"id": "989", "label": "109"}
{"id": "990", "label": "110"}
{"id": "991", "label": "109"}
{"id": "992", "label": "113"}
{"id": "993", "label": "112"}
{"id": "994", "label": "102"}
{"id": "995", "label": "110"}
{"id": "996", "label": "115"}
{"id": "997", "label": "113"}
{"id": "998", "label": "113"}
{"id": "999", "label": "104"}
{"id": "1000", "label": "109"}
{"id": "1001", "label": "113"}
{"id": "1002", "label": "109"}
{"id": "1003", "label": "110"}
{"id": "1004", "label": "110"}
{"id": "1005", "label": "110"}
{"id": "1006", "label": "103"}
{"id": "1007", "label": "109"}
{"id": "1008", "label": "109"}
{"id": "1009", "label": "104"}
{"id": "1010", "label": "110"}
{"id": "1011", "label": "109"}
{"id": "1012", "label": "110"}
{"id": "1013", "label": "102"}
{"id": "1014", "label": "116"}
{"id": "1015", "label": "107"}
{"id": "1016", "label": "109"}
{"id": "1017", "label": "112"}
{"id": "1018", "label": "102"}
{"id": "1019", "label": "112"}
{"id": "1020", "label": "108"}
{"id": "1021", "label": "115"}
{"id": "1022", "label": "104"}
{"id": "1023", "label": "116"}
{"id": "1024", "label": "106"}
{"id": "1025", "label": "109"}
{"id": "1026", "label": "102"}
{"id": "1027", "label": "102"}
{"id": "1028", "label": "100"}
{"id": "1029", "label": "110"}
{"id": "1030", "label": "115"}
{"id": "1031", "label": "104"}
{"id": "1032", "label": "112"}
{"id": "1033", "label": "112"}
{"id": "1034", "label": "113"}
{"id": "1035", "label": "101"}
{"id": "1036", "label": "113"}
{"id": "1037", "label": "110"}
{"id": "1038", "label": "108"}
{"id": "1039", "label": "108"}
{"id": "1040", "label": "113"}
{"id": "1041", "label": "109"}
{"id": "1042", "label": "107"}
{"id": "1043", "label": "103"}
{"id": "1044", "label": "104"}
{"id": "1045", "label": "104"}
{"id": "1046", "label": "102"}
{"id": "1047", "label": "109"}
{"id": "1048", "label": "113"}
{"id": "1049", "label": "110"}
{"id": "1050", "label": "108"}
{"id": "1051", "label": "112"}
{"id": "1052", "label": "115"}
{"id": "1053", "label": "112"}
{"id": "1054", "label": "102"}
{"id": "1055", "label": "108"}
{"id": "1056", "label": "107"}
{"id": "1057", "label": "109"}
{"id": "1058", "label": "116"}
{"id": "1059", "label": "108"}
{"id": "1060", "label": "112"}
{"id": "1061", "label": "103"}
{"id": "1062", "label": "110"}
{"id": "1063", "label": "113"}
{"id": "1064", "label": "109"}
{"id": "1065", "label": "107"}
{"id": "1066", "label": "112"}
{"id": "1067", "label": "107"}
{"id": "1068", "label": "101"}
{"id": "1069", "label": "115"}
{"id": "1070", "label": "102"}
{"id": "1071", "label": "115"}
{"id": "1072", "label": "109"}
{"id": "1073", "label": "107"}
{"id": "1074", "label": "116"}
{"id": "1075", "label": "116"}
{"id": "1076", "label": "102"}
{"id": "1077", "label": "113"}
{"id": "1078", "label": "103"}
{"id": "1079", "label": "102"}
{"id": "1080", "label": "102"}
{"id": "1081", "label": "113"}
{"id": "1082", "label": "110"}
{"id": "1083", "label": "112"}
{"id": "1084", "label": "102"}
{"id": "1085", "label": "101"}
{"id": "1086", "label": "104"}
{"id": "1087", "label": "103"}
{"id": "1088", "label": "103"}
{"id": "1089", "label": "101"}
{"id": "1090", "label": "101"}
{"id": "1091", "label": "116"}
{"id": "1092", "label": "113"}
{"id": "1093", "label": "104"}
{"id": "1094", "label": "115"}
{"id": "1095", "label": "104"}
{"id": "1096", "label": "100"}
{"id": "1097", "label": "100"}
{"id": "1098", "label": "108"}
{"id": "1099", "label": "113"}
{"id": "1100", "label": "104"}
{"id": "1101", "label": "103"}
{"id": "1102", "label": "109"}
{"id": "1103", "label": "109"}
{"id": "1104", "label": "101"}
{"id": "1105", "label": "103"}
{"id": "1106", "label": "107"}
{"id": "1107", "label": "113"}
{"id": "1108", "label": "103"}
{"id": "1109", "label": "113"}
{"id": "1110", "label": "110"}
{"id": "1111", "label": "108"}
{"id": "1112", "label": "116"}
{"id": "1113", "label": "113"}
{"id": "1114", "label": "110"}
{"id": "1115", "label": "102"}
{"id": "1116", "label": "115"}
{"id": "1117", "label": "115"}
{"id": "1118", "label": "109"}
{"id": "1119", "label": "113"}
{"id": "1120", "label": "108"}
{"id": "1121", "label": "103"}
{"id": "1122", "label": "109"}
{"id": "1123", "label": "107"}
{"id": "1124", "label": "102"}
{"id": "1125", "label": "100"}
{"id": "1126", "label": "116"}
{"id": "1127", "label": "107"}
{"id": "1128", "label": "108"}
{"id": "1129", "label": "102"}
{"id": "1130", "label": "101"}
{"id": "1131", "label": "103"}
{"id": "1132", "label": "110"}
{"id": "1133", "label": "116"}
{"id": "1134", "label": "113"}
{"id": "1135", "label": "115"}
{"id": "1136", "label": "104"}
{"id": "1137", "label": "101"}
{"id": "1138", "label": "115"}
{"id": "1139", "label": "102"}
{"id": "1140", "label": "109"}
{"id": "1141", "label": "116"}
{"id": "1142", "label": "108"}
{"id": "1143", "label": "103"}
{"id": "1144", "label": "109"}
{"id": "1145", "label": "116"}
{"id": "1146", "label": "109"}
{"id": "1147", "label": "116"}
{"id": "1148", "label": "109"}
{"id": "1149", "label": "109"}
{"id": "1150", "label": "110"}
{"id": "1151", "label": "109"}
{"id": "1152", "label": "101"}
{"id": "1153", "label": "112"}
{"id": "1154", "label": "104"}
{"id": "1155", "label": "108"}
{"id": "1156", "label": "116"}
{"id": "1157", "label": "113"}
{"id": "1158", "label": "104"}
{"id": "1159", "label": "113"}
{"id": "1160", "label": "102"}
{"id": "1161", "label": "116"}
{"id": "1162", "label": "116"}
{"id": "1163", "label": "109"}
{"id": "1164", "label": "106"}
{"id": "1165", "label": "103"}
{"id": "1166", "label": "102"}
{"id": "1167", "label": "107"}
{"id": "1168", "label": "104"}
{"id": "1169", "label": "107"}
{"id": "1170", "label": "113"}
{"id": "1171", "label": "107"}
{"id": "1172", "label": "113"}
{"id": "1173", "label": "110"}
{"id": "1174", "label": "115"}
{"id": "1175", "label": "113"}
{"id": "1176", "label": "113"}
{"id": "1177", "label": "109"}
{"id": "1178", "label": "101"}
{"id": "1179", "label": "104"}
{"id": "1180", "label": "103"}
{"id": "1181", "label": "109"}
{"id": "1182", "label": "102"}
{"id": "1183", "label": "113"}
{"id": "1184", "label": "112"}
{"id": "1185", "label": "110"}
{"id": "1186", "label": "104"}
{"id": "1187", "label": "104"}
{"id": "1188", "label": "100"}
{"id": "1189", "label": "108"}
{"id": "1190", "label": "108"}
{"id": "1191", "label": "107"}
{"id": "1192", "label": "107"}
{"id": "1193", "label": "109"}
{"id": "1194", "label": "113"}
{"id": "1195", "label": "115"}
{"id": "1196", "label": "103"}
{"id": "1197", "label": "109"}
{"id": "1198", "label": "100"}
{"id": "1199", "label": "107"}
{"id": "1200", "label": "108"}
{"id": "1201", "label": "103"}
{"id": "1202", "label": "104"}
{"id": "1203", "label": "104"}
{"id": "1204", "label": "103"}
{"id": "1205", "label": "108"}
{"id": "1206", "label": "107"}
{"id": "1207", "label": "115"}
{"id": "1208", "label": "112"}
{"id": "1209", "label": "102"}
{"id": "1210", "label": "100"}
{"id": "1211", "label": "114"}
{"id": "1212", "label": "112"}
{"id": "1213", "label": "100"}
{"id": "1214", "label": "103"}
{"id": "1215", "label": "116"}
{"id": "1216", "label": "108"}
{"id": "1217", "label": "113"}
{"id": "1218", "label": "106"}
{"id": "1219", "label": "103"}
{"id": "1220", "label": "104"}
{"id": "1221", "label": "103"}
{"id": "1222", "label": "104"}
{"id": "1223", "label": "116"}
{"id": "1224", "label": "103"}
{"id": "1225", "label": "102"}
{"id": "1226", "label": "104"}
{"id": "1227", "label": "102"}
{"id": "1228", "label": "109"}
{"id": "1229", "label": "109"}
{"id": "1230", "label": "107"}
{"id": "1231", "label": "113"}
{"id": "1232", "label": "116"}
{"id": "1233", "label": "106"}
{"id": "1234", "label": "108"}
{"id": "1235", "label": "112"}
{"id": "1236", "label": "115"}
{"id": "1237", "label": "109"}
{"id": "1238", "label": "107"}
{"id": "1239", "label": "107"}
{"id": "1240", "label": "109"}
{"id": "1241", "label": "115"}
{"id": "1242", "label": "102"}
{"id": "1243", "label": "112"}
{"id": "1244", "label": "109"}
{"id": "1245", "label": "112"}
{"id": "1246", "label": "107"}
{"id": "1247", "label": "116"}
{"id": "1248", "label": "112"}
{"id": "1249", "label": "110"}
{"id": "1250", "label": "113"}
{"id": "1251", "label": "104"}
{"id": "1252", "label": "109"}
{"id": "1253", "label": "102"}
{"id": "1254", "label": "112"}
{"id": "1255", "label": "113"}
{"id": "1256", "label": "116"}
{"id": "1257", "label": "104"}
{"id": "1258", "label": "113"}
{"id": "1259", "label": "102"}
{"id": "1260", "label": "109"}
{"id": "1261", "label": "112"}
{"id": "1262", "label": "104"}
{"id": "1263", "label": "109"}
{"id": "1264", "label": "116"}
{"id": "1265", "label": "115"}
{"id": "1266", "label": "108"}
{"id": "1267", "label": "102"}
{"id": "1268", "label": "113"}
{"id": "1269", "label": "115"}
{"id": "1270", "label": "104"}
{"id": "1271", "label": "115"}
{"id": "1272", "label": "103"}
{"id": "1273", "label": "112"}
{"id": "1274", "label": "108"}
{"id": "1275", "label": "108"}
{"id": "1276", "label": "108"}
{"id": "1277", "label": "101"}
{"id": "1278", "label": "101"}
{"id": "1279", "label": "104"}
{"id": "1280", "label": "103"}
{"id": "1281", "label": "116"}
{"id": "1282", "label": "106"}
{"id": "1283", "label": "109"}
{"id": "1284", "label": "106"}
{"id": "1285", "label": "102"}
{"id": "1286", "label": "102"}
{"id": "1287", "label": "109"}
{"id": "1288", "label": "107"}
{"id": "1289", "label": "106"}
{"id": "1290", "label": "102"}
{"id": "1291", "label": "109"}
{"id": "1292", "label": "107"}
{"id": "1293", "label": "109"}
{"id": "1294", "label": "101"}
{"id": "1295", "label": "107"}
{"id": "1296", "label": "102"}
{"id": "1297", "label": "106"}
{"id": "1298", "label": "112"}
{"id": "1299", "label": "103"}
{"id": "1300", "label": "104"}
{"id": "1301", "label": "106"}
{"id": "1302", "label": "115"}
{"id": "1303", "label": "109"}
{"id": "1304", "label": "115"}
{"id": "1305", "label": "116"}
{"id": "1306", "label": "104"}
{"id": "1307", "label": "103"}
{"id": "1308", "label": "116"}
{"id": "1309", "label": "109"}
{"id": "1310", "label": "102"}
{"id": "1311", "label": "110"}
{"id": "1312", "label": "102"}
{"id": "1313", "label": "104"}
{"id": "1314", "label": "116"}
{"id": "1315", "label": "100"}
{"id": "1316", "label": "110"}
{"id": "1317", "label": "104"}
{"id": "1318", "label": "116"}
{"id": "1319", "label": "116"}
{"id": "1320", "label": "116"}
{"id": "1321", "label": "100"}
{"id": "1322", "label": "112"}
{"id": "1323", "label": "104"}
{"id": "1324", "label": "101"}
{"id": "1325", "label": "100"}
{"id": "1326", "label": "110"}
{"id": "1327", "label": "107"}
{"id": "1328", "label": "115"}
{"id": "1329", "label": "112"}
{"id": "1330", "label": "104"}
{"id": "1331", "label": "109"}
{"id": "1332", "label": "107"}
{"id": "1333", "label": "116"}
{"id": "1334", "label": "109"}
{"id": "1335", "label": "112"}
{"id": "1336", "label": "104"}
{"id": "1337", "label": "116"}
{"id": "1338", "label": "102"}
{"id": "1339", "label": "116"}
{"id": "1340", "label": "116"}
{"id": "1341", "label": "115"}
{"id": "1342", "label": "116"}
{"id": "1343", "label": "116"}
{"id": "1344", "label": "102"}
{"id": "1345", "label": "112"}
{"id": "1346", "label": "109"}
{"id": "1347", "label": "104"}
{"id": "1348", "label": "109"}
{"id": "1349", "label": "115"}
{"id": "1350", "label": "112"}
{"id": "1351", "label": "112"}
{"id": "1352", "label": "116"}
{"id": "1353", "label": "103"}
{"id": "1354", "label": "110"}
{"id": "1355", "label": "107"}
{"id": "1356", "label": "107"}
{"id": "1357", "label": "112"}
{"id": "1358", "label": "102"}
{"id": "1359", "label": "113"}
{"id": "1360", "label": "100"}
{"id": "1361", "label": "116"}
{"id": "1362", "label": "109"}
{"id": "1363", "label": "110"}
{"id": "1364", "label": "102"}
{"id": "1365", "label": "115"}
{"id": "1366", "label": "102"}
{"id": "1367", "label": "115"}
{"id": "1368", "label": "104"}
{"id": "1369", "label": "104"}
{"id": "1370", "label": "109"}
{"id": "1371", "label": "108"}
{"id": "1372", "label": "101"}
{"id": "1373", "label": "102"}
{"id": "1374", "label": "110"}
{"id": "1375", "label": "109"}
{"id": "1376", "label": "103"}
{"id": "1377", "label": "102"}
{"id": "1378", "label": "104"}
{"id": "1379", "label": "102"}
{"id": "1380", "label": "107"}
{"id": "1381", "label": "112"}
{"id": "1382", "label": "109"}
{"id": "1383", "label": "101"}
{"id": "1384", "label": "108"}
{"id": "1385", "label": "110"}
{"id": "1386", "label": "110"}
{"id": "1387", "label": "101"}
{"id": "1388", "label": "104"}
{"id": "1389", "label": "110"}
{"id": "1390", "label": "109"}
{"id": "1391", "label": "113"}
{"id": "1392", "label": "112"}
{"id": "1393", "label": "107"}
{"id": "1394", "label": "102"}
{"id": "1395", "label": "103"}
{"id": "1396", "label": "108"}
{"id": "1397", "label": "112"}
{"id": "1398", "label": "106"}
{"id": "1399", "label": "104"}
{"id": "1400", "label": "115"}
{"id": "1401", "label": "112"}
{"id": "1402", "label": "112"}
{"id": "1403", "label": "113"}
{"id": "1404", "label": "100"}
{"id": "1405", "label": "113"}
{"id": "1406", "label": "109"}
{"id": "1407", "label": "102"}
{"id": "1408", "label": "107"}
{"id": "1409", "label": "102"}
{"id": "1410", "label": "116"}
{"id": "1411", "label": "116"}
{"id": "1412", "label": "104"}
{"id": "1413", "label": "103"}
{"id": "1414", "label": "103"}
{"id": "1415", "label": "107"}
{"id": "1416", "label": "109"}
{"id": "1417", "label": "113"}
{"id": "1418", "label": "113"}
{"id": "1419", "label": "115"}
{"id": "1420", "label": "110"}
{"id": "1421", "label": "102"}
{"id": "1422", "label": "110"}
{"id": "1423", "label": "104"}
{"id": "1424", "label": "113"}
{"id": "1425", "label": "115"}
{"id": "1426", "label": "112"}
{"id": "1427", "label": "114"}
{"id": "1428", "label": "107"}
{"id": "1429", "label": "107"}
{"id": "1430", "label": "109"}
{"id": "1431", "label": "103"}
{"id": "1432", "label": "113"}
{"id": "1433", "label": "108"}
{"id": "1434", "label": "116"}
{"id": "1435", "label": "115"}
{"id": "1436", "label": "108"}
{"id": "1437", "label": "113"}
{"id": "1438", "label": "109"}
{"id": "1439", "label": "109"}
{"id": "1440", "label": "116"}
{"id": "1441", "label": "116"}
{"id": "1442", "label": "112"}
{"id": "1443", "label": "112"}
{"id": "1444", "label": "109"}
{"id": "1445", "label": "115"}
{"id": "1446", "label": "115"}
{"id": "1447", "label": "113"}
{"id": "1448", "label": "115"}
{"id": "1449", "label": "104"}
{"id": "1450", "label": "115"}
{"id": "1451", "label": "107"}
{"id": "1452", "label": "109"}
{"id": "1453", "label": "104"}
{"id": "1454", "label": "104"}
{"id": "1455", "label": "107"}
{"id": "1456", "label": "106"}
{"id": "1457", "label": "103"}
{"id": "1458", "label": "113"}
{"id": "1459", "label": "109"}
{"id": "1460", "label": "100"}
{"id": "1461", "label": "109"}
{"id": "1462", "label": "103"}
{"id": "1463", "label": "100"}
{"id": "1464", "label": "101"}
{"id": "1465", "label": "101"}
{"id": "1466", "label": "103"}
{"id": "1467", "label": "104"}
{"id": "1468", "label": "107"}
{"id": "1469", "label": "112"}
{"id": "1470", "label": "106"}
{"id": "1471", "label": "109"}
{"id": "1472", "label": "103"}
{"id": "1473", "label": "109"}
{"id": "1474", "label": "112"}
{"id": "1475", "label": "116"}
{"id": "1476", "label": "109"}
{"id": "1477", "label": "102"}
{"id": "1478", "label": "112"}
{"id": "1479", "label": "107"}
{"id": "1480", "label": "104"}
{"id": "1481", "label": "109"}
{"id": "1482", "label": "106"}
{"id": "1483", "label": "100"}
{"id": "1484", "label": "108"}
{"id": "1485", "label": "116"}
{"id": "1486", "label": "106"}
{"id": "1487", "label": "109"}
{"id": "1488", "label": "109"}
{"id": "1489", "label": "107"}
{"id": "1490", "label": "104"}
{"id": "1491", "label": "116"}
{"id": "1492", "label": "109"}
{"id": "1493", "label": "113"}
{"id": "1494", "label": "102"}
{"id": "1495", "label": "109"}
{"id": "1496", "label": "109"}
{"id": "1497", "label": "108"}
{"id": "1498", "label": "113"}
{"id": "1499", "label": "109"}
